<?xml version="1.0" encoding="UTF-8"?>
<project-private xmlns="http://www.netbeans.org/ns/project-private/1">
    <editor-bookmarks xmlns="http://www.netbeans.org/ns/editor-bookmarks/2" lastBookmarkId="0"/>
    <open-files xmlns="http://www.netbeans.org/ns/projectui-open-files/2">
        <group>
            <file>file:/C:/Users/Sekomane/Downloads/Salon/Salon/BeautyHairSalonWeb/src/java/za/ac/tut/web/RegisterClientSevlet.java</file>
            <file>file:/C:/Users/Sekomane/Downloads/Salon/Salon/BeautyHairSalonWeb/web/NailAppointment.html</file>
            <file>file:/C:/Users/Sekomane/Downloads/Salon/Salon/BeautyHairSalonWeb/web/Menu.jsp</file>
            <file>file:/C:/Users/Sekomane/Downloads/Salon/Salon/BeautyHairSalonWeb/web/Nail%20Design.jpeg</file>
            <file>file:/C:/Users/Sekomane/Downloads/Salon/Salon/BeautyHairSalonWeb/web/WEB-INF/web.xml</file>
            <file>file:/C:/Users/Sekomane/Downloads/Salon/Salon/BeautyHairSalonWeb/web/AboutUs.html</file>
            <file>file:/C:/Users/Sekomane/Downloads/Salon/Salon/BeautyHairSalonWeb/web/index.html</file>
        </group>
    </open-files>
</project-private>
